pair_id	chapter	reader_label	full_label	reader_title	full_title	migration_status	proof_status	lean_status	lean_module	lean_decl	source_key	assumption_bundle	dependencies
TS-C01-WARP-CLD	1	thmstar:warp-cld	thmfull:warp-cld	Compensated demand under WARP	Finite-change and differential compensated law of demand	planned	draft_complete	external_core	Econ803.Consumer.RevealedPreference	compensated_law_of_demand	mwg1995	Single-valued demand; positive prices and wealth; Walras law; WARP; differentiability only for the local conclusion	none
TS-C02-RATIONAL-WARP	2	thmstar:rational-warp	thmfull:rational-warp	Rational choice satisfies WARP	Set-valued rational choice and WARP	planned	draft_complete	core_only	Econ803.Choice.WARP	rationalization_implies_WARP	mwg1995	Nonempty menus; choice as greatest elements; complete and transitive preference; set-valued WARP	none
TS-C03-CONTINUOUS-UTILITY	3	thmstar:continuous-utility	thmfull:continuous-utility	Continuous utility representation	Debreu representation on the commodity space	planned	delegated	none			debreu1959	Nonnegative Euclidean commodity space; total preorder; exact continuity definition	none
TS-C03-DEMAND-CONTINUITY	3	thmstar:demand-continuity	thmfull:demand-continuity	Existence and continuity of consumer demand	Berge theorem for positive-price budget sets	planned	draft_complete	planned			mwg1995	Continuous utility; nonnegative commodity space; strictly positive prices and wealth; correspondence-valued demand	none
TS-C03-CONSUMER-DUALITY	3	thmstar:consumer-duality	thmfull:consumer-duality	Consumer duality and envelope identities	Set-valued duality; Roy; Shephard; and Slutsky	planned	partial	core_only	Econ803.Consumer.Duality	hicksian_bundle_is_supergradient	mwg1995;shephard1953	Continuous locally nonsatiated preferences and positive prices; attainment; uniqueness and smoothness only where invoked	TS-C03-DEMAND-CONTINUITY
TS-C03-AFRIAT	3	thmstar:afriat	thmfull:afriat	Afriat theorem	Finite GARP and regular utility rationalization	planned	partial	external_core	Econ803.Consumer.RevealedPreference	finite_Afriat_theorem	afriat1967;varian1982	Finite observations; positive prices; nonnegative bundles; expenditure exhaustion when wealth is observed; exact strict reverse edge	TS-C02-RATIONAL-WARP
TS-C05-EU-FINITE	5	thmstar:eu-finite	thmfull:eu-finite	Finite expected-utility representation	Finite expected utility and affine uniqueness	planned	partial	planned			vonneumannmorgenstern1944	Finite nonempty prize set; lotteries; completeness; transitivity; independence; mixture continuity	none
TS-C05-FOSD	5	thmstar:fosd	thmfull:fosd	First-order stochastic dominance	General FOSD with finite-support corollary	planned	partial	core_only	Econ803.Uncertainty.FiniteDominance	monotoneCoupling_implies_expectedUtility_order	mwg1995	Ordered outcomes; measurable increasing utility; integrability; an exact strictness condition when strict inequality is claimed	none
TS-C05-RISK-DATA	5	thmstar:risk-data	thmfull:risk-data	Finite-data risk-averse expected utility	Finite inequality test for risk-data rationalization	source_gated	source_gated	none			polissonquahrenou2020	Finite states and observations; positive probabilities and prices; interior data or a separately stated boundary KKT version	none
TS-C06-GORMAN	6	thmstar:gorman	thmfull:gorman	Gorman aggregation	Common-slope aggregation and its limits	planned	draft_complete	planned			gorman1953	Differentiable indirect utilities; common positive wealth slope; Roy conditions; individual wealths sum to aggregate wealth	TS-C03-CONSUMER-DUALITY
TS-C07-SURPLUS-ENVELOPE	7	thmstar:surplus-envelope	thmfull:surplus-envelope	Expected-surplus envelope result	Convexity and envelope derivatives of expected surplus	planned	partial	planned			mcfadden1981	Finite alternatives; finite first moments; almost-sure unique maximizer; differentiability assumptions separated from twice differentiability	none
TS-C08-FIRM-DUALITY	8	thmstar:firm-duality	thmfull:firm-duality	Firm duality and envelope identities	Profit and cost value-function theorems	planned	partial	core_only	Econ803.Firm.Profit	profit_maximizer_is_subgradient	hotelling1932;shephard1953;mwg1995	Nonempty price-independent technology; finiteness and attainment; curvature and free-disposal assumptions only where used	none
TS-C09-PARTIAL-EQUILIBRIUM	9	thmstar:partial-equilibrium	thmfull:partial-equilibrium	Partial-market equilibrium and welfare	Existence; uniqueness; and planner implementation in the quasilinear market	planned	partial	planned			mwg1995	Named partial-market assumptions including curvature; endpoint or tail conditions; strict monotonicity only for uniqueness	TS-C10-FIRST-WELFARE
TS-C10-FIRST-WELFARE	10	thmstar:first-welfare	thmfull:first-welfare	First welfare theorem	Competitive equilibrium is Pareto efficient	planned	draft_complete	core_only	Econ803.Equilibrium.Welfare	priceSupport_rulesOut_paretoImprovement	mwg1995	Finite agents and firms; feasibility; exact ownership and budget equations; optimization; local nonsatiation; no convexity	none
TS-C10-SECOND-WELFARE	10	thmstar:second-welfare	thmfull:second-welfare	Second welfare theorem	Price support of Pareto-efficient allocations	planned	partial	planned			mwg1995	Convex preferences and technologies; closed aggregate attainable set; continuity; local nonsatiation; support or properness conditions	none
TS-C11-EXISTENCE	11	thmstar:walrasian-existence	thmfull:walrasian-existence	Existence of Walrasian equilibrium	Fixed-point existence in pure exchange	planned	delegated	planned			arrowdebreu1954;debreu1959	Finite pure exchange; positive aggregate endowment; continuous convex monotone preferences; normalized prices; strict convexity excluded	none
TS-C11-GROSS-SUBSTITUTES	11	thmstar:gross-substitutes	thmfull:gross-substitutes	Gross substitutes and price uniqueness	Normalized equilibrium-price uniqueness under strict gross substitutes	planned	partial	planned			mwg1995	Continuous aggregate excess demand; homogeneity; Walras law; exact strict-GS or irreducibility condition; positive normalized prices	TS-C11-EXISTENCE
TS-C11-SMD	11	thmstar:smd	thmfull:smd	Sonnenschein--Mantel--Debreu flexibility	A precise aggregate excess-demand realization theorem	source_gated	source_gated	none			sonnenschein1972;mantel1974;debreu1974	Commodity dimension; normalized price domain; regularity; Walras law; homogeneity; boundary behavior; exact global or compact-domain conclusion	none
TS-C12-BROWN-MATZKIN	12	thmstar:brown-matzkin	thmfull:brown-matzkin	Brown--Matzkin restrictions	Semialgebraic restrictions from finite equilibrium observations	source_gated	source_gated	none			brownmatzkin1996	Exact observables and latent variables; model class; invariance; regularity; and rationalizability quantifiers	none
TS-C13-ARROW-RADNER	13	thmstar:arrow-radner	thmfull:arrow-radner	Arrow--Radner allocation equivalence	State prices and sequential-budget equivalence	planned	partial	planned			radner1972	Finite states goods and assets; full-rank returns; no portfolio constraints; no arbitrage; positive state numeraires; monotone preferences	none
TS-C14-GALE-SHAPLEY	14	thmstar:gale-shapley	thmfull:gale-shapley	Deferred acceptance	Termination; stability; and proposer optimality	planned	partial	planned			galeshapley1962	Finite two-sided market; one fixed acceptability convention; strict preferences	none
TS-C14-TTC	14	thmstar:ttc	thmfull:ttc	Top trading cycles	Termination and the unique core allocation	planned	partial	planned			shapleyscarf1974	Finite agents and houses; one initial owner per house; strict complete preferences; exact blocking and core convention	none
