line	type	chapter	section	excerpt
497	Example	Basics of Consumer Theory	Demand Functions	Cobb-Douglas Demand Function. $x(p,w)=(\frac{\alpha w}{p_{1}},\frac{(1-\alpha)w}{p_{2}})^{\top}$ for $\alpha\in(0,1)$ .
535	Axiom	Basics of Consumer Theory	Consistency in Consumption	(Walras' law) A demand function $x$ is said to satisfy Walras' law if and only if $p\cdot x(p,w)=w$ for all price-wealth pairs.
554	Axiom	Basics of Consumer Theory	Consistency in Consumption	(Homogeneity of degree zero, HD0.) A demand function $x$ is homogeneous of degree zero if, for every $\alpha>0$ , $x(\alpha p,\alpha w)=x(p,w)$ .
578	Axiom	Basics of Consumer Theory	Consistency in Consumption	(Weak axiom of revealed preference, WARP.) A demand function $x$ satisfies WARP if, for any two price--wealth pairs $(p,w)$ and $(p^{*},w^{*})$ , whenever $x(p,w)\neq x(p^{*},w^{*})$ and $p\cdot x(p^{*},w^{*})\leq w$ , then $p^{*}\cdot x(p,
757	Fact	Basics of Consumer Theory	Comparative Statics and Slutsky Matrix	If $x$ satisfies Walras' law, then (i) $p^{\top}D_{w}x(p,w)=1$ , (ii) $p^{\top}D_{p}x(p,w)=-x(p,w)^{\top}$ , (iii) $p^{\top}S(p,w)=0$ .
805	Claim	Basics of Consumer Theory	Comparative Statics and Slutsky Matrix	If $x$ satisfies Walras' law and homogeneity of degree zero, then $S(p,w)p=0$ .
904	Definition	Basics of Consumer Theory	Comparative Statics and Slutsky Matrix	(CLD) We say that $x$ satisfies the Compensated Law of Demand if and only if $(p^{*}-p)\cdot(x(p^{*},w^{*})-x(p,w))<0$ when $x(p^{*},w^{*})\neq x(p,w)$ and $w^{*}=p^{*}\cdot x(p,w)$ .
929	Proposition	Basics of Consumer Theory	Comparative Statics and Slutsky Matrix	Let $x$ satisfy Walras' law and WARP. Then $x$ satisfies the CLD.
1050	Corollary	Basics of Consumer Theory	Comparative Statics and Slutsky Matrix	Suppose $x$ is continuously differentiable and satisfies Walras' law and WARP. Then, for every $a\in\mathbb{R}^{L}$ and every price-wealth pair, $a^{\top}S(p,w)a\leq0$ . Equivalently, the symmetric part $[S(p,w)+S(p,w)^{\top}]/2$ is negativ
1220	Exercise*	Basics of Consumer Theory	Problems	Problem 1.1 [Core]. Budget scaling and Cobb-Douglas demand.
1279	Exercise*	Basics of Consumer Theory	Problems	Problem 1.2 [Core]. A two-observation WARP test.
1320	Exercise*	Basics of Consumer Theory	Problems	Problem 1.3 [Proof]. Differential restrictions on demand.
1413	Definition	Preference and Choice	Choice environments	Choice correspondence. A choice correspondence is a map $c:\mathcal{A}\rightrightarrows X$ satisfying $\emptyset\neq c(A)\subseteq A$ for every $A\in\mathcal{A}$ . A choice structure is the pair $(\mathcal{A},c)$ .
1435	Definition	Preference and Choice	Choice environments	Rationalization. A binary relation $\succeq$ rationalizes $(\mathcal{A},c)$ if $c(A)=\{x\in A:x\succeq y\text{ for every }y\in A\}$ for every $A\in\mathcal{A}$ . It weakly rationalizes the data if the equality is replaced by inclusion. A ra
1462	Definition	Preference and Choice	Preference relations	For a relation $\succeq\subseteq X\times X$ , define its strict and symmetric parts by $x\succ y\iff x\succeq y\text{ and not }y\succeq x$ and $x\sim y\iff x\succeq y\text{ and }y\succeq x$ . If $\succeq$ is complete and transitive, then $\
1495	Proposition	Preference and Choice	Preference relations	Finite utility representation. If $X$ is finite, a preference relation on $X$ has a real-valued utility representation if and only if it is complete and transitive. A representation is unique up to a strictly increasing transformation of it
1520	Definition	Preference and Choice	Revealed preference and WARP	Direct revealed preference. For a choice structure $(\mathcal{A},c)$ , write $x\succeq^{D}y$ if there is a menu $A\in\mathcal{A}$ with $x\in c(A)$ and $y\in A$ . Write $x\succ^{D}y$ if, in addition, $y\notin c(A)$ . Let $\succeq^{*}$ be the
1564	Definition	Preference and Choice	Revealed preference and WARP	Weak Axiom of Revealed Preference (WARP). The data satisfy WARP when $x\succeq^{D}y$ implies not $y\succ^{D}x$ . Equivalently, if two menus contain both $x$ and $y$ , choosing $x$ from one and strictly choosing $y$ from the other is ruled o
1596	Proposition	Preference and Choice	Revealed preference and WARP	Necessity of WARP. If a complete and transitive preference relation rationalizes a choice structure, then the structure satisfies WARP.
1639	Definition	Preference and Choice	GARP on finite data	Generalized Axiom of Revealed Preference (GARP). A finite dataset satisfies GARP when $x\succeq^{*}y$ never occurs together with $y\succ^{D}x$ . Thus an indirect revealed-preference chain may return to an alternative only when the return co
1653	Theorem	Preference and Choice	GARP on finite data	Finite-data rationalizability. See LatexCommand citep key "afriat1967,varian1982" literal "false" . For a finite budget dataset with positive prices and observed expenditure exhaustion, GARP is equivalent to weak rationalizability by a comp
1678	Example	Preference and Choice	GARP on finite data	Let $X=\{a,b,c\}$ and suppose $a\succ^{D}b$ , $b\succ^{D}c$ , and $c\succ^{D}a$ . This strict cycle violates GARP and cannot be generated by a transitive preference relation.
1730	Exercise*	Preference and Choice	Problems	Problem 2.1 [Core]. Incomplete preferences and multiple utilities.
1792	Exercise*	Preference and Choice	Problems	Problem 2.2 [Core]. Choice cycles on finite menus.
1839	Exercise*	Preference and Choice	Problems	Problem 2.3 [Proof]. Maximization and set-valued WARP.
1963	Definition	Consumer Theory:	Demand Correspondences	A Walrasian demand correspondence is a map x:P\times W\rightrightarrows X with nonempty values such that every $q\in x(p,w)$ satisfies $p\cdot q\leq w$ . If demand is generated by a choice correspondence $c$ , then $x=c\circ B$ , where B(p,
2000	Example	Consumer Theory:	Demand Correspondences	With two perfect-substitute goods and utility $u(q)=q_{1}+q_{2}$ , x(p,w)=\begin{cases} \{(w/p_{1},0)\}, & p_{1}<p_{2},\\ \{(0,w/p_{2})\}, & p_{2}<p_{1},\\ \{q\in\mathbb{R}^{2}_{+}:p_{1}q_{1}+p_{2}q_{2}=w\}, & p_{1}=p_{2}. \end{cases} The e
2078	Definition	Consumer Theory:	Utility Representation	A preference relation $\succeq$ on $X\subseteq\mathbb{R}^{L}$ is continuous if its upper and lower contour sets are closed: for every $y\in X$ , \{x\in X:x\succeq y\}\quad\text{and}\quad\{x\in X:y\succeq x\} are closed in $X$ . Equivalently
2135	Lemma	Consumer Theory:	Utility Representation	Every total preorder on a countable set has a real-valued utility representation.
2139	Proof	Consumer Theory:	Utility Representation	Let $I$ be the symmetric part of the preorder. The quotient $X/I$ is countable, and the relation induced on it is a linear order by Appendix A. Every countable linear order admits an order embedding into $\mathbb{Q}$ : enumerate its element
2166	Theorem	Consumer Theory:	Utility Representation	(Continuous utility representation) If $\succeq$ is a continuous total preorder on $X=\mathbb{R}^{L}_{+}$ , then there exists a continuous function $u:X\to\mathbb{R}$ such that, for every $x,y\in X$ , x\succeq y\iff u(x)\geq u(y).
2194	Proof	Consumer Theory:	Utility Representation	This is Debreu's continuous-utility theorem specialized to Euclidean commodity space. The substantive topological input is that $\mathbb{R}^{L}_{+}$ is second countable and connected. Continuity of the preorder and the gap lemma provide a c
2291	Proposition	Consumer Theory:	The Utility Maximization Problem	If $p\gg0$ and $u$ is continuous, then the UMP has a solution.
2386	Proposition	Consumer Theory:	The Utility Maximization Problem	The Marshallian demand correspondence $x(p,w)\equiv \arg\max_{y\in B(p,w)}u(y)$ is non-empty, compact-valued and upper hemicontinuous. Moreover, the indirect utility function $v(p,w)=\max_{y\in B(p,w)}u(y)$ is continuous.
2530	Definition	Consumer Theory:	The Utility Maximization Problem	Local nonsatiation. A preference relation \begin_inset Formula $\succeq$\end_inset is locally nonsatiated if, for every \begin_inset Formula $x\in X$\end_inset and every \begin_inset Formula $\varepsilon>0$\end_inset , there is \begin_inset
2542	Proposition	Consumer Theory:	The Utility Maximization Problem	If a locally nonsatiated utility function generates the Marshallian demand correspondence, then every demanded bundle exhausts the budget: \begin_inset Formula $p\cdot x=w$\end_inset for every \begin_inset Formula $x\in x(p,w)$\end_inset .
2556	Proposition	Consumer Theory:	The Utility Maximization Problem	The same demand correspondence is homogeneous of degree zero. If preferences are convex, demand is convex-valued; if preferences are strictly convex, demand is single-valued.
2700	Proposition	Consumer Theory:	Properties of the Indirect Utility Function	Suppose that $u(\cdot)$ is a continuous utility function representing a locally nonsatiated preference relation $\succeq$ defined on the consumption set $X=\mathbb{R}_{+}^{L}$ . The indirect utility function $v(p,w)$ is:
2721	Proposition	Consumer Theory:	Properties of the Indirect Utility Function	1. Homogeneity of degree zero.
2727	Proposition	Consumer Theory:	Properties of the Indirect Utility Function	2. $v(p,w)$ is strictly increasing in $w$ and nonincreasing in $p_{\ell}$ .
2745	Proposition	Consumer Theory:	Properties of the Indirect Utility Function	3. $v(p,w)$ is quasiconvex in $(p,w)$ . The set $\{(p,w)|v(p,w)\leq\overline{v}\}$ is convex.
2764	Proposition	Consumer Theory:	Properties of the Indirect Utility Function	4. $v(p,w)$ is continuous in $p$ and $w$ .
2875	Example	Consumer Theory:	Roy's Identity	Quasilinear demand and Roy's identity. Let good \begin_inset Formula $L$\end_inset be the numeraire, set \begin_inset Formula $p_L=1$\end_inset , and let utility be \begin_inset Formula $u(q,q_L)=g(q)+q_L$\end_inset for \begin_inset Formula
2890	Example	Consumer Theory:	Roy's Identity	v(p,w)=w+\max_{q\geq0,\;p_{-L}\cdot q\leq w}\{g(q)-p_{-L}\cdot q\}.
2932	Proposition	Consumer Theory:	Expenditure Minimization Problem (EMP)	Suppose $u$ is a continuous utility function representing a locally nonsatiated preference relation $\succeq$ defined on the consumption set $X=\mathbb{R}_{+}^{L}$ and the price vector is $p\gg0$ . Then:
2954	Proposition	Consumer Theory:	Expenditure Minimization Problem (EMP)	(i) If $x^{*}$ is optimal in the UMP when $w>0$ then $x^{*}$ is optimal in the EMP when the required level of utility is $u(x^{*})$ . Moreover, the minimized expenditure level $p\cdot x^{*}=w$ is exactly the wealth $w$ .
2984	Proposition	Consumer Theory:	Expenditure Minimization Problem (EMP)	(ii) If $x^{*}$ is optimal in the EMP when the required utility level is $\overline{u}>u(0)$ then $x^{*}$ is optimal in the UMP when wealth is $p\cdot x^{*}$ . Moreover, the maximized utility level $u(x^{*})=\overline{u}$ .
3037	Proposition	Consumer Theory:	Expenditure Minimization Problem (EMP)	Suppose that $u$ is a continuous utility function representing a locally nonsatiated preference relation $\succeq$ defined on the consumption set $X=\mathbb{R}_{+}^{L}$ , with $p\in\mathbb{R}_{++}^{L}$ and the target utility in the attainab
3060	Proposition	Consumer Theory:	Expenditure Minimization Problem (EMP)	(i) Homogeneous of degree one in $p$ .
3068	Proposition	Consumer Theory:	Expenditure Minimization Problem (EMP)	(ii) Nondecreasing in $\overline{u}$ and nondecreasing in $p_{\ell}$ for all $\ell$ . Strict increase in the utility target requires restricting attention to targets above the baseline utility and conditions ensuring that the minimum reache
3084	Proposition	Consumer Theory:	Expenditure Minimization Problem (EMP)	(iii) Concave in $p$
3092	Proposition	Consumer Theory:	Expenditure Minimization Problem (EMP)	(iv) Continuous in $(p,\overline{u})$ .
3221	Proposition	Consumer Theory:	Hicksian Compensated Demand	Suppose $u(\cdot)$ is continuous and represents a locally nonsatiated preference relation $\succeq$ , prices satisfy $p\gg0$ , and the attainable target satisfies $\overline{u}>u(0)$ . Then $h(p,\overline{u})$ is nonempty and compact-valued
3244	Proposition	Consumer Theory:	Hicksian Compensated Demand	(i) It is homogeneous of degree zero in $p$
3252	Proposition	Consumer Theory:	Hicksian Compensated Demand	(ii) It has no excess utility: For $x^{*}\in h(p,\overline{u})$ , $u(x^{*})=\overline{u}$
3266	Proposition	Consumer Theory:	Hicksian Compensated Demand	(iii) Convexity and uniqueness: If $\succeq$ is convex, then $h(p,\overline{u})$ is convex; if $\succeq$ is strictly convex, then Hicksian demand is single-valued.
3370	Proposition	Consumer Theory:	Shephard's Lemma	Every Hicksian bundle is a supergradient of the concave expenditure function in prices. If $e(\cdot,\overline{u})$ is differentiable at $p$ , Hicksian demand is unique there and Shephard's identity holds: \nabla_{p}e(p,\overline{u})=h(p,\ov
3468	Proposition	Consumer Theory:	Additional Properties	The Hicksian price-effect matrix satisfies D_{p}h(p,\overline{u})=D_{p}^{2}e(p,\overline{u}). It is symmetric and negative semidefinite, and $D_{p}h(p,\overline{u})p=0$ . The first claims follow from Shephard's identity, twice continuous di
3485	Definition	Consumer Theory:	Additional Properties	Negative semidefiniteness. A symmetric $L\times L$ matrix $A$ is negative semidefinite if $v^{\top}Av\leq0$ for every vector $v\in\mathbb{R}^{L}$ .
3513	Example	Consumer Theory:	Additional Properties	The following matrix is NSD:
3517	Example	Consumer Theory:	Additional Properties	A=\left[\begin{array}{cc} -2 & 0\\ 0 & 0 \end{array}\right]
3531	Example	Consumer Theory:	Additional Properties	v^{\top}Av=-2v_{1}^{2}\leq0 for any $v\in\mathbb{R}^{2}$ .
3648	Proposition	Consumer Theory:	Summary of the Implications of Utility Maximization	Suppose demand $x(p,w)$ is generated by maximizing a complete, transitive, continuous, and locally nonsatiated preference relation represented by $u$ on each linear budget; that is, $x(p,w)\in\arg\max_{y\in B(p,w)}u(y)$ for every $(p,w)\in
3669	Proposition	Consumer Theory:	Summary of the Implications of Utility Maximization	If, in addition, demand is single-valued and continuously differentiable and the expenditure function is twice continuously differentiable, then the Slutsky matrix $S(p,w)$ is symmetric and negative semidefinite, and it is singular in the p
4032	Definition	Consumer Theory:	Generalized Axiom of Revealed Preference (GARP)	The observed bundle $x^{t}$ is directly revealed preferred to $x$ , written $x^{t}R^{D}x$ , if and only if $p^{t}\cdot x^{t}\geq p^{t}\cdot x$ .
4054	Definition	Consumer Theory:	Generalized Axiom of Revealed Preference (GARP)	The observed bundle $x^{t}$ is indirectly revealed preferred to $x$ , written $x^{t}Rx$ , if and only if there exist $m\geq1$ and bundles $z^{0},\ldots,z^{m}$ such that $z^{0}=x^{t}$ , $z^{m}=x$ , each $z^{k-1}$ is an observed bundle, and $
4110	Definition	Consumer Theory:	Generalized Axiom of Revealed Preference (GARP)	We say that a utility function $u$ (weakly) rationalizes a dataset $\mathcal{O}$ if, for every $t\in\{1,\ldots,T\}$ and every $x\in X$ , $p^{t}\cdot x\leq p^{t}\cdot x^{t}$ implies $u(x^{t})\geq u(x)$ .
4152	Definition	Consumer Theory:	Generalized Axiom of Revealed Preference (GARP)	A finite demand dataset $\mathcal{O}=\{(p^{t},x^{t})\}_{t=1}^{T}$ satisfies the generalized axiom of revealed preference (GARP) if x^{t}Rx^{s}\quad\Longrightarrow\quad\neg\bigl(x^{s}P^{D}x^{t}\bigr) for all observations $s,t$ , where $R$ is
4184	Proposition	Consumer Theory:	Generalized Axiom of Revealed Preference (GARP)	(Afriat's theorem.) Let $\mathcal{O}=\{(p^{t},x^{t})\}_{t=1}^{T}$ be a finite dataset with $p^{t}\gg0$ and $x^{t}\in\mathbb{R}_{+}^{L}$ for every observation $t$ . The following are equivalent:
4204	Proposition	Consumer Theory:	Generalized Axiom of Revealed Preference (GARP)	1. There exists a locally nonsatiated utility function $u$ that rationalizes the data in the sense that for all $t$ , $u(x^{t})\geq u(x)$ for all $x$ such that $p^{t}\cdot x^{t}\geq p^{t}\cdot x$ .
4231	Proposition	Consumer Theory:	Generalized Axiom of Revealed Preference (GARP)	2. The dataset $\mathcal{O}=\{(p^{t},x^{t})\}_{t=1}^{T}$ satisfies GARP.
4241	Proposition	Consumer Theory:	Generalized Axiom of Revealed Preference (GARP)	3. There exist numbers $u^{t}\in\mathbb{R}$ and $\lambda^{t}>0$ satisfying the Afriat inequalities
4254	Proposition	Consumer Theory:	Generalized Axiom of Revealed Preference (GARP)	u^{t}\leq u^{s}+\lambda^{s}p^{s}\cdot (x^{t}-x^{s})\quad\forall s,t\in\{1,\ldots,T\}
4265	Proposition	Consumer Theory:	Generalized Axiom of Revealed Preference (GARP)	4. There exists a continuous, concave, and strictly increasing utility function $u$ that rationalizes the data in the sense that for all $t$ , $u(x^{t})\geq u(x)$ for all $x$ such that $p^{t}\cdot x^{t}\geq p^{t}\cdot x$ .
4584	Definition	Consumer Theory:	Revealed Preference and the Strong Axiom	(Strong axiom of revealed preference, SARP.) The dataset satisfies SARP if the transitive closure $R$ has no nontrivial cycle: whenever $x^{t}Rx^{s}$ and $x^{t}\neq x^{s}$ , it is not the case that $x^{s}Rx^{t}$ .
4613	Definition	Consumer Theory:	Forecasting with Varian's Support Set	Given a finite price-choice dataset $\mathcal O$ and a new price-wealth pair $(p^{K+1},w^{K+1})$ , define the augmented dataset associated with a candidate bundle by $\mathcal O(x)=\mathcal O\cup\{(p^{K+1},x)\}$ . Varian's support set is S(
4656	Definition	Consumer Theory:	Upper Bounds for Welfare Analysis	A money metric utility function is defined as $m(p,x)=e(p,u(x))$ where $e$ is the expenditure function associated with $u$ , $e(p,\overline{u})=\min_{z\in X}\{p\cdot z:u(z)\geq\overline{u}\}$ .
4895	Definition	Consumer Theory:	Afriat's Cost-Efficiency Index	The Critical Cost Efficiency Index (CCEI) of a dataset $\mathcal{O}$ is $\operatorname{CCEI}(\mathcal{O})=\sup\{\alpha\in[0,1]:\mathcal{O}\text{ satisfies }\alpha\text{-GARP}\}$ . A value of one means that the original data satisfy GARP; a
5281	Definition	Consumer Theory:	Homothetic and Quasilinear Utility Functions	Homothetic preferences. A preference relation is homothetic if \begin_inset Formula $x\succeq y$\end_inset implies \begin_inset Formula $\alpha x\succeq\alpha y$\end_inset for every \begin_inset Formula $\alpha>0$\end_inset whenever the sca
5295	Definition	Consumer Theory:	Homothetic and Quasilinear Utility Functions	Quasilinear preferences. A numeraire good \begin_inset Formula $L$\end_inset is quasilinear when preferences admit a representation u(x)=g(x_{1},\ldots,x_{L-1})+x_{L}. Equivalently, translating both bundles by the same amount of the numerai
5329	Exercise*	Consumer Theory:	Problems	Problem 3.1 [Core]. Cobb-Douglas duality.
5391	Exercise*	Consumer Theory:	Problems	Problem 3.2 [Core]. Recovering a quasilinear utility.
5438	Exercise*	Consumer Theory:	Problems	Problem 3.3 [Core]. Afriat inequalities by hand.
5492	Exercise*	Consumer Theory:	Problems	Problem 3.4 [Proof]. The Slutsky matrix for Cobb-Douglas demand.
5536	Exercise*	Consumer Theory:	Problems	Problem 3.5 [Applied]. Demand forecasting with Varian's support set.
5687	Example	Behavioral Economics: Sparse-Max and Rational Inattention	Cobb--Douglas Sparse-Max Demand	Let \begin_inset Formula $u(x)=\sum_{\ell=1}^{L}\alpha_{\ell}\log x_{\ell}$\end_inset with \begin_inset Formula $\alpha_{\ell}>0$\end_inset and \begin_inset Formula $\sum_{\ell}\alpha_{\ell}=1$\end_inset . The perceived-price first-order co
5695	Example	Behavioral Economics: Sparse-Max and Rational Inattention	Cobb--Douglas Sparse-Max Demand	x_{\ell}=\frac{\alpha_{\ell}}{\lambda\widehat p_{\ell}}.
5708	Example	Behavioral Economics: Sparse-Max and Rational Inattention	Cobb--Douglas Sparse-Max Demand	x^{s}_{\ell}(p,\widehat p,w)= \frac{\alpha_{\ell}w/\widehat p_{\ell}} {\sum_{k=1}^{L}\alpha_k p_k/\widehat p_k}.
5756	Proposition	Behavioral Economics: Sparse-Max and Rational Inattention	Perceived Prices and Limited Attention	Comparative statics under perceived prices. Suppose the tangency bundle can be written as a differentiable map \begin_inset Formula $r(\widehat p,\lambda)$\end_inset and \begin_inset Formula $x^{s}(p,w)=r(\widehat p(p),\lambda(p,w))$\end_in
5877	Proposition	Behavioral Economics: Sparse-Max and Rational Inattention	Discrimination with Rational Inattention	Optimal hiring rule. Conditional on \begin_inset Formula $(y,G)$\end_inset , hire if and only if \begin_inset Formula $m_G(y)>0$\end_inset ; otherwise reject. For \begin_inset Formula $\alpha>0$\end_inset the signal threshold is \begin_inse
5925	Exercise*	Behavioral Economics: Sparse-Max and Rational Inattention	Problems	Problem 4.1 [Core]. Sparse-max quasilinear demand.
5969	Exercise*	Behavioral Economics: Sparse-Max and Rational Inattention	Problems	Problem 4.2 [Core]. CES demand under perceived prices.
6025	Exercise*	Behavioral Economics: Sparse-Max and Rational Inattention	Problems	Problem 4.3 [Applied]. A binary rational-inattention problem.
6139	Definition	Choice under Uncertainty	Stochastic dominance on a finite prize set	First-order stochastic dominance. For lotteries \begin_inset Formula $p,q\in\Delta(Z)$\end_inset with cumulative distribution functions \begin_inset Formula $F_p(t)=\sum_{z\leq t}p(z)$\end_inset and \begin_inset Formula $F_q(t)=\sum_{z\leq
6152	Theorem	Choice under Uncertainty	Stochastic dominance on a finite prize set	If \begin_inset Formula $p\succeq^{FOSD}q$\end_inset and \begin_inset Formula $u$\end_inset is increasing, then \begin_inset Formula $U(p)\geq U(q)$\end_inset for expected utility \begin_inset Formula $U$\end_inset . Strict inequality follo
6172	Definition	Choice under Uncertainty	Model and expected utility	Expected utility representation. The preference relation has an expected utility representation if there is a Bernoulli utility \begin_inset Formula $u:Z\to\mathbb{R}$\end_inset such that \begin_inset Formula $p\succeq q\iff\sum_{z\in Z}u(z
6191	Axiom	Choice under Uncertainty	Independence Axiom	(Independence Axiom) For all $p,q,r\in\Delta(Z)$ and $\alpha\in[0,1]$ , $p\succeq q$ implies $\alpha p+(1-\alpha)r\succeq\alpha q+(1-\alpha)r.$
6216	Axiom	Choice under Uncertainty	Independence Axiom	(Mixture continuity) For all $p,q,r\in\Delta(Z)$ , if $p\succ q\succ r$ , then the set $\{\alpha\in[0,1]|\alpha p+(1-\alpha)r\succ q\}$ and $\{\alpha\in[0,1]|q\succ\alpha p+(1-\alpha)r\}$ are open in $[0,1]$ .
6247	Theorem	Choice under Uncertainty	Representation Theorem	The rational preference relation $\succeq$ satisfies the Independence Axiom and Mixture continuity if and only if there exists a (Bernoulli) utility function $u:Z\to\mathbb{R}$ such that: $p\succeq q$ if and only if $\sum_{z\in Z}u(z)p(z)\g
6278	Lemma	Choice under Uncertainty	Representation Theorem	If the preference relation $\succeq$ satisfies the Independence Axiom and mixture continuity then there is an affine function $U:\Delta(Z)\to\mathbb{R}$ that represents $\succeq$ .
6405	Lemma	Choice under Uncertainty	Representation Theorem	Let $U:\Delta(Z)\to\mathbb{R}$ . Then $U$ is affine if and only if there exists a $u:Z\to\mathbb{R}$ such that $U(p)=\sum_{z\in Z}u(z)p(z)$ .
6450	Example	Choice under Uncertainty	Representation Theorem	Let $Z=\{0,10\}$ , and let $p\in\Delta(Z)$ satisfy $p(0)=p(10)=\frac{1}{2}$ . Then $U(p)=\frac{1}{2}u(10)+\frac{1}{2}u(0)$ . Normalize the Bernoulli index by $u(0)=0$ and $u(10)=1$ . The normalized expected utility is therefore $U(p)=1/2$ .
6487	Theorem	Choice under Uncertainty	Recoverability	Let $U:\Delta(Z)\to\mathbb{R}$ and $U':\Delta(Z)\to\mathbb{R}$ be affine maps that represent $\succeq$ on $\Delta(Z)$ , then there exist real numbers $\alpha>0$ and $b$ such that $U'(p)=\alpha U(p)+b$ for all $p\in\Delta(Z)$ . If $u,v$ are
6576	Definition	Choice under Uncertainty	Attitudes towards Risk	Risk aversion. A decision maker is risk averse if \begin_inset Formula $\delta_{\overline z(p)}\succeq p$\end_inset for every lottery \begin_inset Formula $p$\end_inset . Under expected utility, risk aversion is equivalent to concavity of t
6589	Definition	Choice under Uncertainty	Attitudes towards Risk	Certainty equivalent and risk premium. If \begin_inset Formula $u$\end_inset is strictly increasing and its range contains \begin_inset Formula $U(p)$\end_inset , the certainty equivalent is the prize \begin_inset Formula $\operatorname{CE}
6601	Definition	Choice under Uncertainty	Attitudes towards Risk	Probability premium. For prizes \begin_inset Formula $x-\varepsilon,x,x+\varepsilon$\end_inset in the certainty set, \begin_inset Formula $\pi(x,\varepsilon,u)$\end_inset is defined by u(x)=\left(\frac12+\pi\right)u(x+\varepsilon)+\left(\fr
6614	Proposition	Choice under Uncertainty	Attitudes towards Risk	For a twice differentiable, strictly increasing Bernoulli utility, the local risk premium for a symmetric small spread satisfies \rho\bigl(\tfrac12\delta_{x-\varepsilon}+\tfrac12\delta_{x+\varepsilon},u\bigr) =-\frac{u''(x)}{2u'(x)}\varepsi
6697	Definition	Choice under Uncertainty	Expected Utility for Infinite Sets	We say that $p:\Sigma\to[0,1]$ is a probability measure if:
6774	Axiom	Choice under Uncertainty	Expected Utility for Infinite Sets	(Weak continuity) For any $p\in\Delta(Z)$ the sets $\{q\in\Delta(Z):q\succ p\}$ and $\{q\in\Delta(Z):p\succ q\}$ are open in the weak topology.
6798	Theorem	Choice under Uncertainty	Expected Utility for Infinite Sets	Let $Z$ be a compact metric prize space and $\Delta(Z)$ the Borel probability measures with the weak topology. A rational preference relation $\succeq$ on $\Delta(Z)$ satisfies the independence axiom and weak continuity if and only if there
6991	Theorem	Choice under Uncertainty	Stochastic dominance for general distributions	First-order stochastic dominance. If \begin_inset Formula $F\succeq^{FOSD}G$\end_inset , then \begin_inset Formula $\int u\,dF\geq\int u\,dG$\end_inset for every increasing Bernoulli utility \begin_inset Formula $u$\end_inset for which the
7292	Proposition	Choice under Uncertainty	Revealed Preference of Expected Utility under Concavity	Interior first-order conditions. If $u$ is differentiable and an optimum is interior, then there is $\lambda>0$ such that $\pi_su'(x_s)=\lambda p_s$ for every $s\in S$ . Concavity makes these conditions sufficient for a global optimum; boun
7316	Definition	Choice under Uncertainty	Revealed Preference of Expected Utility under Concavity	Risk-averse expected-utility rationalization. A finite dataset $\mathcal{O}^{T}=\{(p^t,x^t)\}_{t=1}^{T}$ is rationalized if there is one continuous, strictly increasing and concave Bernoulli utility with positive marginal utility on the obs
7342	Theorem	Choice under Uncertainty	Revealed Preference of Expected Utility under Concavity	Finite-data test. See LatexCommand citep key "polissonquahrenou2020" literal "false" . Assume all observations are interior and $\pi_s>0$ . The dataset has a risk-averse expected-utility rationalization if and only if there are numbers $\be
7614	Exercise*	Choice under Uncertainty	Problems	Problem 5.1 [Core]. Affine expected-utility representations.
7661	Exercise*	Choice under Uncertainty	Problems	Problem 5.2 [Core]. First-order stochastic dominance.
7705	Exercise*	Choice under Uncertainty	Problems	Problem 5.3 [Proof]. The Arrow-Pratt approximation.
7761	Exercise*	Choice under Uncertainty	Problems	Problem 5.4 [Applied]. CARA-normal portfolio demand.
7917	Definition	Aggregate Demand	Gorman aggregation	Gorman form. Consumer $i$ has Gorman-form indirect utility if v_i(p,w_i)=a_i(p)+b(p)w_i, for a common function $b(p)>0$ and consumer-specific functions $a_i(p)$ .
7942	Proposition	Aggregate Demand	Gorman aggregation	Gorman aggregation. See LatexCommand citep key "gorman1953,mwg1995" literal "false" . Suppose each $v_i$ has the Gorman form and is differentiable. Roy's identity gives x_i(p,w_i)=-\frac{\nabla_pa_i(p)+w_i\nabla_pb(p)}{b(p)}. Therefore aggr
8008	Definition	Aggregate Demand	Aggregate demand and WARP	Aggregate WARP. A single-valued aggregate demand $X(p,W)$ satisfies WARP if, for distinct observations $(p,W)$ and $(p',W')$ , $p\cdot X(p',W')\leq W$ implies $p'\cdot X(p,W)>W'$ whenever $X(p,W)\neq X(p',W')$ .
8037	Proposition	Aggregate Demand	Aggregate demand and WARP	Sufficient condition for aggregate WARP. Suppose wealth shares are fixed and strictly positive, $w_i=\alpha_iW$ with $\alpha_i>0$ and $\sum_i\alpha_i=1$ . Suppose every individual demand is homogeneous of degree zero and satisfies the weak
8083	Definition	Aggregate Demand	Representative consumers and welfare	Positive representative consumer. A preference relation $\succeq^{rep}$ is a positive representative consumer for $X$ if its Walrasian demand equals $X(p,W)$ for every price--wealth pair in the domain. This is a statement about demand repre
8102	Definition	Aggregate Demand	Representative consumers and welfare	Normative representative consumer. Fix a social welfare function $\mathcal{W}:\mathbb{R}^{I}\to\mathbb{R}$ and individual indirect utilities $v_i$ . A nonnegative wealth allocation $\mathbf{w}(p,W)$ is welfare-optimal if it solves \max_{\ma
8171	Exercise*	Aggregate Demand	Problems	Problem 6.1 [Core]. Gorman aggregation.
8212	Exercise*	Aggregate Demand	Problems	Problem 6.2 [Core]. Aggregation under common homothetic preferences.
8250	Exercise*	Aggregate Demand	Problems	Problem 6.3 [Proof]. Why uncompensated aggregate price derivatives need not be symmetric.
8405	Proposition	Discrete Choice and Random Utility	Multinomial logit and IIA	Independence of irrelevant alternatives. Under multinomial logit, for any two alternatives $j,k$ that remain available, $\frac{P_{ij}}{P_{ik}}=\exp((V_j-V_k)/\mu)$ is independent of the other alternatives in the menu.
8419	Example	Discrete Choice and Random Utility	Multinomial logit and IIA	Red-bus/blue-bus. If walking and a red bus initially have equal probabilities, adding a blue bus that is nearly identical to the red bus should split the bus share while leaving walking's share close to its original value. Multinomial logit
8437	Definition	Discrete Choice and Random Utility	Random utility	Random-utility representation. Let $A$ be a finite menu and let $\boldsymbol{U}:\Omega\to\mathbb{R}^{A}$ be a measurable random utility vector. The induced choice probabilities are $\rho_A(a)=\mathbb{P}\{\boldsymbol{U}(a)>\boldsymbol{U}(b)\
8491	Definition	Discrete Choice and Random Utility	Random expected utility	Random expected utility. For a finite prize set $Z$ and lotteries $p\in\Delta(Z)$ , a random Bernoulli utility $\boldsymbol{u}:\Omega\to\mathbb{R}^{Z}$ induces $\boldsymbol{U}_{\omega}(p)=\sum_{z\in Z}\boldsymbol{u}_{\omega}(z)p(z)$ . Choic
8562	Definition	Discrete Choice and Random Utility	Attributes and consumer surplus	Expected maximum utility. The expected value of a menu is the function V(x)=\mathbb{E}\!\left[\max_{a\in A}\{v(a,x_a)+\varepsilon_a\}\right]. If the deterministic utility contains $-\alpha p_a$ with $\alpha>0$ as the price coefficient, the
8593	Proposition	Discrete Choice and Random Utility	Attributes and consumer surplus	Williams--Daly--Zachary envelope result. See LatexCommand citep key "mcfadden1981" literal "false" . If the shock distribution has finite first moments and ties occur with probability zero, then $V$ is convex and differentiable in the vecto
8654	Exercise*	Discrete Choice and Random Utility	Problems	Problem 7.1 [Core]. Logit odds and IIA.
8692	Exercise*	Discrete Choice and Random Utility	Problems	Problem 7.2 [Applied]. The red-bus blue-bus problem.
8721	Exercise*	Discrete Choice and Random Utility	Problems	Problem 7.3 [Core]. A finite random-utility mixture.
8914	Definition	Theory of the Firm	Profit maximization	For a price vector \begin_inset Formula $p\in\mathbb{R}^{L}$\end_inset , the profit function is \pi(p)=\sup_{y\in Y}p\cdot y,
8931	Proposition	Theory of the Firm	Profit maximization	Profit-function properties. See LatexCommand citep key "hotelling1932,mwg1995" literal "false" . The function \begin_inset Formula $\pi$\end_inset is convex and homogeneous of degree one in prices. The supply correspondence is homogeneous o
8989	Definition	Theory of the Firm	Cost minimization	Given input prices \begin_inset Formula $w\gg0$\end_inset and a target \begin_inset Formula $q>0$\end_inset , the cost function is c(w,q)=\min_{z\geq0}\{w\cdot z:f(z)\geq q\}.
9017	Proposition	Theory of the Firm	Cost minimization	Cost-function properties. See LatexCommand citep key "shephard1953,mwg1995" literal "false" . The cost function is homogeneous of degree one and concave in input prices, nondecreasing in the output target, and—when \begin_inset Formula $f
9064	Proposition	Theory of the Firm	Aggregation and efficiency	If each firm's profit maximum is finite and attained, then \pi_Y(p)=\sum_{j=1}^{J}\pi_{Y_j}(p), \qquad y_Y(p)=\sum_{j=1}^{J}y_j(p)
9079	Definition	Theory of the Firm	Aggregation and efficiency	A feasible production plan \begin_inset Formula $y\in Y$\end_inset is efficient if there is no \begin_inset Formula $y'\in Y$\end_inset with \begin_inset Formula $y'\geq y$\end_inset and \begin_inset Formula $y'\neq y$\end_inset .
9087	Proposition	Theory of the Firm	Aggregation and efficiency	If \begin_inset Formula $p\gg0$\end_inset and \begin_inset Formula $y\in y(p)$\end_inset , then \begin_inset Formula $y$\end_inset is efficient. If \begin_inset Formula $Y$\end_inset is convex and closed and satisfies free disposal, every e
9119	Exercise*	Theory of the Firm	Problems	Problem 8.1 [Core]. Cobb-Douglas production and cost.
9166	Exercise*	Theory of the Firm	Problems	Problem 8.2 [Proof]. Dual properties of the profit function.
9207	Exercise*	Theory of the Firm	Problems	Problem 8.3 [Core]. Constant returns and unbounded profit.
9248	Exercise*	Theory of the Firm	Problems	Problem 8.4 [Proof]. Shephard's lemma and substitution.
9342	Definition	Competitive Markets and Partial Equilibrium	Competitive equilibrium	Feasibility. An allocation \begin_inset Formula $(x_1,\ldots,x_I;y_1,\ldots,y_J)$\end_inset is feasible when \begin_inset Formula $x_i\in X_i$\end_inset , \begin_inset Formula $y_j\in Y_j$\end_inset , and \sum_{i=1}^{I}x_i\leq\omega+\sum_{j
9355	Definition	Competitive Markets and Partial Equilibrium	Competitive equilibrium	Competitive (Walrasian) equilibrium. A nonzero nonnegative price vector \begin_inset Formula $p\geq0$\end_inset and an allocation \begin_inset Formula $(x^*,y^*)$\end_inset form an equilibrium if every firm solves y_j^*\in\arg\max_{y_j\in Y
9378	Proposition	Competitive Markets and Partial Equilibrium	Competitive equilibrium	Price normalization and Walras' law. If \begin_inset Formula $(p,x^*,y^*)$\end_inset is a competitive equilibrium, then so is \begin_inset Formula $(\lambda p,x^*,y^*)$\end_inset for every \begin_inset Formula $\lambda>0$\end_inset . If con
9428	Definition	Competitive Markets and Partial Equilibrium	Partial equilibrium with a numeraire	Partial competitive equilibrium. A price \begin_inset Formula $p$\end_inset and quantities \begin_inset Formula $(x_1,\ldots,x_I;q_1,\ldots,q_J)$\end_inset form an equilibrium when \phi_i'(x_i)\leq p,\quad x_i>0\Rightarrow\phi_i'(x_i)=p, p\
9464	Proposition	Competitive Markets and Partial Equilibrium	Partial equilibrium with a numeraire	Existence and uniqueness in the partial model. Suppose $0<\min_j c_j'(0)<\max_i\phi_i'(0)$ and the preceding curvature and tail assumptions hold. Then \begin_inset Formula $z$\end_inset is continuous on the displayed positive-price interval
9495	Definition	Competitive Markets and Partial Equilibrium	Welfare in the partial model	Pareto efficiency. A feasible allocation is Pareto efficient if no other feasible allocation makes every consumer weakly better off and at least one consumer strictly better off.
9499	Proposition	Competitive Markets and Partial Equilibrium	Welfare in the partial model	First welfare theorem for the quasilinear model. See LatexCommand citep key "mwg1995" literal "false" . A competitive allocation is Pareto efficient under the stated convexity and local nonsatiation assumptions.
9529	Proposition	Competitive Markets and Partial Equilibrium	Welfare in the partial model	Second welfare theorem for the quasilinear model. See LatexCommand citep key "mwg1995" literal "false" . Under concavity, continuity, and the cheaper-bundle condition stated in the general theorem below, any solution of the planner's proble
9565	Exercise*	Competitive Markets and Partial Equilibrium	Problems	Problem 9.1 [Core]. Linear partial equilibrium.
9615	Exercise*	Competitive Markets and Partial Equilibrium	Problems	Problem 9.2 [Applied]. A per-unit tax.
9665	Exercise*	Competitive Markets and Partial Equilibrium	Problems	Problem 9.3 [Proof]. Planner and competitive allocation.
9767	Definition	General Equilibrium Theory	Pure exchange economies: the Edgeworth box	Walrasian equilibrium in the exchange economy. A pair \begin_inset Formula $(p^*,x^*)$\end_inset with \begin_inset Formula $p^*\gg0$\end_inset is an equilibrium if markets clear, \begin_inset Formula $x_1^*+x_2^*=\omega$\end_inset , and x_i
9781	Example	General Equilibrium Theory	Pure exchange economies: the Edgeworth box	Cobb--Douglas exchange. Suppose \begin_inset Formula $u_i(x_{1i},x_{2i})=x_{1i}^{\alpha}x_{2i}^{1-\alpha}$\end_inset with \begin_inset Formula $0<\alpha<1$\end_inset , and endowments \begin_inset Formula $\omega_1=(1,2)$\end_inset and \begi
9792	Example	General Equilibrium Theory	Pure exchange economies: the Edgeworth box	x_1(p)=\left(\frac{\alpha(p_1+2p_2)}{p_1},\frac{(1-\alpha)(p_1+2p_2)}{p_2}\right), \quad x_2(p)=\left(\frac{\alpha(2p_1+p_2)}{p_1},\frac{(1-\alpha)(2p_1+p_2)}{p_2}\right).
9808	Definition	General Equilibrium Theory	Pure exchange economies: the Edgeworth box	Pareto efficiency. A feasible allocation \begin_inset Formula $x$\end_inset is Pareto efficient if there is no feasible \begin_inset Formula $x'$\end_inset with \begin_inset Formula $x_i'\succeq_i x_i$\end_inset for both consumers and \begi
9818	Proposition	General Equilibrium Theory	Pure exchange economies: the Edgeworth box	First welfare theorem for the exchange box. See LatexCommand citep key "mwg1995" literal "false" . If preferences are locally nonsatiated and \begin_inset Formula $(p^*,x^*)$\end_inset is a Walrasian equilibrium, then \begin_inset Formula $
9833	Proposition	General Equilibrium Theory	Pure exchange economies: the Edgeworth box	Second welfare theorem for the exchange box. See LatexCommand citep key "mwg1995" literal "false" . If preferences are continuous, convex, and strongly monotone, every Pareto-efficient allocation can be supported by a positive price vector
9889	Definition	General Equilibrium Theory	One consumer and one producer	A competitive equilibrium is a price pair \begin_inset Formula $(p^*,w^*)$\end_inset and choices \begin_inset Formula $(x^*,z^*)$\end_inset satisfying both optimization problems and the clearing conditions x_2^*=f(z^*),\qquad z^*=\overline
9900	Proposition	General Equilibrium Theory	One consumer and one producer	Under continuity, convexity, local nonsatiation, and the usual concavity and attainment assumptions, a competitive allocation solves the central-planner problem \max_{x_1,x_2}u(x_1,x_2) \quad\text{subject to}\quad x_2\leq f(\overline N-x_1)
9950	Definition	General Equilibrium Theory	Production, ownership, and feasibility	Walrasian equilibrium. A price vector \begin_inset Formula $p\gg0$\end_inset and allocation \begin_inset Formula $(x^*,y^*)$\end_inset form an equilibrium when, for every firm, y_j^*\in\arg\max_{y_j\in Y_j}p\cdot y_j,
9976	Definition	General Equilibrium Theory	Production, ownership, and feasibility	Price equilibrium with transfers. Replace each consumer's ownership wealth by an assigned \begin_inset Formula $w_i$\end_inset satisfying \begin_inset Formula $\sum_iw_i=p\cdot\omega+\sum_jp\cdot y_j^*$\end_inset , and require \begin_inset
9989	Proposition	General Equilibrium Theory	Welfare theorems	First Fundamental Welfare Theorem. See LatexCommand citep key "debreu1959,mwg1995" literal "false" . If preferences are locally nonsatiated and \begin_inset Formula $(p,x^*,y^*)$\end_inset is a price equilibrium with transfers, then \begin_
10017	Definition	General Equilibrium Theory	Welfare theorems	Price quasi-equilibrium with transfers. A nonzero price vector, allocation, and assigned wealths form a price quasi-equilibrium with transfers when firms maximize profit, markets clear, $p\cdot x_i^*=w_i$ for every consumer, the assigned we
10031	Proposition	General Equilibrium Theory	Welfare theorems	Second Fundamental Welfare Theorem. See LatexCommand citep key "debreu1959,mwg1995" literal "false" . Suppose every production set is closed and convex, every preference is convex, continuous, and locally nonsatiated, and the aggregate atta
10073	Definition	General Equilibrium Theory	General equilibrium with inattention	Inattention equilibrium. A pair \begin_inset Formula $(p,x)$\end_inset is an inattention equilibrium when each \begin_inset Formula $x_i\in D_i(p,M_i)$\end_inset satisfies the model's actual feasibility restrictions and \sum_{i=1}^{I}x_i=\s
10085	Proposition	General Equilibrium Theory	General equilibrium with inattention	Compatibility with Pareto efficiency. Suppose preferences are differentiable, strictly increasing, and concave and \begin_inset Formula $x^*$\end_inset is an interior Pareto-efficient allocation. Then there is a common supporting price vect
10127	Exercise*	General Equilibrium Theory	Problems	Problem 10.1 [Core]. Cobb-Douglas exchange equilibrium.
10171	Exercise*	General Equilibrium Theory	Problems	Problem 10.2 [Proof]. First Fundamental Welfare Theorem.
10200	Exercise*	General Equilibrium Theory	Problems	Problem 10.3 [Proof]. Supporting a Pareto optimum.
10229	Exercise*	General Equilibrium Theory	Problems	Problem 10.4 [Applied]. One consumer and one producer.
10319	Definition	Positive Theory of Equilibrium	Aggregate excess demand in pure exchange	Aggregate excess demand. With possibly multivalued demand, define the Minkowski-sum correspondence Z(p)=\sum_{i=1}^{I}D_i(p,p\cdot\omega_i)-\{\omega\}. When every demand is single-valued, write its unique selection as $x_i(p)$ and the resul
10335	Definition	Positive Theory of Equilibrium	Aggregate excess demand in pure exchange	Pure-exchange equilibrium. A pair \begin_inset Formula $(p^*,x^*)$\end_inset with \begin_inset Formula $p^*\gg0$\end_inset is a Walrasian equilibrium when each \begin_inset Formula $x_i^*\in D_i(p^*,p^*\cdot\omega_i)$\end_inset and \begin_i
10343	Proposition	Positive Theory of Equilibrium	Aggregate excess demand in pure exchange	Walras' law and homogeneity. Suppose each consumer is locally nonsatiated and demands are single-valued. Then p\cdot z(p)=0,\qquad z(\lambda p)=z(p)\quad(\lambda>0). If \begin_inset Formula $p\gg0$\end_inset and markets clear in all but one
10372	Example	Positive Theory of Equilibrium	Aggregate excess demand in pure exchange	Cobb--Douglas exchange. With \begin_inset Formula $u_i(x)=x_{1}^{\alpha}x_{2}^{1-\alpha}$\end_inset and \begin_inset Formula $0<\alpha<1$\end_inset , x_i(p)=\left(\frac{\alpha\,p\cdot\omega_i}{p_1},\frac{(1-\alpha)\,p\cdot\omega_i}{p_2}\rig
10389	Proposition	Positive Theory of Equilibrium	Existence	Walrasian existence theorem. See LatexCommand citep key "arrowdebreu1954,debreu1959" literal "false" . Consider a finite pure-exchange economy with consumption sets \begin_inset Formula $\mathbb{R}_{+}^{L}$\end_inset , individual endowments
10419	Definition	Positive Theory of Equilibrium	Local uniqueness and regularity	Normalized local uniqueness. A normalized equilibrium \begin_inset Formula $p^*\in\Delta$\end_inset is locally unique if some neighborhood of \begin_inset Formula $p^*$\end_inset contains no other normalized equilibrium.
10431	Definition	Positive Theory of Equilibrium	Local uniqueness and regularity	Regular equilibrium. A differentiable equilibrium \begin_inset Formula $p^*$\end_inset is regular when the Jacobian \begin_inset Formula $D\widehat z(p^*)$\end_inset is nonsingular.
10437	Proposition	Positive Theory of Equilibrium	Local uniqueness and regularity	Regularity implies local uniqueness. See LatexCommand citep key "mwg1995" literal "false" . If \begin_inset Formula $D\widehat z(p^*)$\end_inset is nonsingular, the inverse function theorem implies that \begin_inset Formula $p^*$\end_inset
10485	Proposition	Positive Theory of Equilibrium	What equilibrium theory does not identify	Sonnenschein--Mantel--Debreu theorem. See LatexCommand citep key "sonnenschein1972,mantel1974,debreu1974" literal "false" . Subject to continuity, homogeneity of degree zero, Walras' law, and boundary divergence toward any zero-priced desir
10516	Definition	Positive Theory of Equilibrium	Uniqueness and gross substitutes	Gross substitutes. An excess-demand function has the strict gross-substitutes property if, whenever only the price of good \begin_inset Formula $\ell$\end_inset rises, excess demand for every other good \begin_inset Formula $k\neq\ell$\end_
10522	Proposition	Positive Theory of Equilibrium	Uniqueness and gross substitutes	Gross-substitutes uniqueness theorem. See LatexCommand citep key "mwg1995" literal "false" . Under continuity, homogeneity, Walras' law, and a strict gross-substitutes condition, a pure-exchange equilibrium has at most one normalized strict
10549	Definition	Positive Theory of Equilibrium	The core	Blocking coalition. Coalition \begin_inset Formula $S$\end_inset blocks a feasible allocation \begin_inset Formula $x$\end_inset if there are \begin_inset Formula $\{x_i'\}_{i\in S}$\end_inset with \begin_inset Formula $x_i'\succ_i x_i$\end
10559	Definition	Positive Theory of Equilibrium	The core	The core is the set of feasible allocations blocked by no coalition.
10563	Proposition	Positive Theory of Equilibrium	The core	Walrasian allocations are in the core. See LatexCommand citep key "debreuscarf1963,mwg1995" literal "false" . Suppose preferences are locally nonsatiated and \begin_inset Formula $(p^*,x^*)$\end_inset is a Walrasian equilibrium with \begin_
10617	Exercise*	Positive Theory of Equilibrium	Problems	Problem 11.1 [Core]. Differential identities for excess demand.
10655	Exercise*	Positive Theory of Equilibrium	Problems	Problem 11.2 [Proof]. Regularity and local uniqueness.
10693	Exercise*	Positive Theory of Equilibrium	Problems	Problem 11.3 [Proof]. Gross substitutes and uniqueness.
10722	Exercise*	Positive Theory of Equilibrium	Problems	Problem 11.4 [Core]. Competitive allocations and the strong core.
10815	Definition	Testable Restrictions on the Equilibrium Manifold	Observables and the equilibrium manifold	(Pure-trade rationalization.) A finite dataset is rationalized by a pure-trade economy if there are continuous, locally nonsatiated, concave utility functions \begin_inset Formula $u_i$ and bundles \begin_inset Formula $x_i^t\in\mathbb{R}_{
10837	Definition	Testable Restrictions on the Equilibrium Manifold	Observables and the equilibrium manifold	(Equilibrium manifold.) For a market excess-demand function \begin_inset Formula $z(\hat\omega,p)$ , where \begin_inset Formula $\hat\omega=(\omega_1,\ldots,\omega_I)$ , the equilibrium manifold is \begin_inset Formula $\mathcal{M}=\{(\hat\
10959	Exercise*	Testable Restrictions on the Equilibrium Manifold	Problems	Problem 12.1 [Core]. Equilibrium Afriat feasibility.
11009	Exercise*	Testable Restrictions on the Equilibrium Manifold	Problems	Problem 12.2 [Proof]. What equilibrium data identify.
11038	Exercise*	Testable Restrictions on the Equilibrium Manifold	Problems	Problem 12.3 [Applied]. Counterfactual discipline.
11113	Definition	Sequential Trade	Arrow--Debreu benchmark	(Arrow--Debreu equilibrium.) Prices \begin_inset Formula $p=(p_1,\ldots,p_S)\in(\mathbb{R}_{++}^{L})^{S}$ and an allocation \begin_inset Formula $x^*=(x_1^*,\ldots,x_I^*)$ form an Arrow--Debreu equilibrium if, for each consumer, \begin_inse
11166	Definition	Sequential Trade	Spot markets and sequential trade	(Radner budget set.) Given asset holdings \begin_inset Formula $z_i\in\mathbb{R}^{K}$ and state-contingent consumption \begin_inset Formula $x_i$ , consumer \begin_inset Formula $i$ satisfies \begin_inset Formula $q\cdot z_i\leq0$ and \begi
11187	Definition	Sequential Trade	Spot markets and sequential trade	(Radner equilibrium.) A price system \begin_inset Formula $(q,p_1,\ldots,p_S)$ and plans \begin_inset Formula $(z_i^*,x_i^*)_{i=1}^{I}$ form a Radner equilibrium when every consumer maximizes their preference over the Radner budget set, ass
11205	Proposition	Sequential Trade	Spot markets and sequential trade	(Arrow--Radner equivalence.) See LatexCommand citep key "radner1972,mwg1995" literal "false" . Suppose consumption lies in \begin_inset Formula $\mathbb{R}_{+}^{LS}$\end_inset , preferences are continuous and strictly monotone, the payoff m
11257	Exercise*	Sequential Trade	Problems	Problem 13.1 [Core]. Spanning contingent consumption.
11316	Exercise*	Sequential Trade	Problems	Problem 13.2 [Core]. Incomplete markets.
11357	Exercise*	Sequential Trade	Problems	Problem 13.3 [Proof]. Arrow-Debreu and sequential equivalence.
11466	Definition	Matching	One-to-one matching	(Stability.) A matching is individually rational if no agent is matched with an unacceptable partner. A pair \begin_inset Formula $(m,w)$ not matched to one another blocks \begin_inset Formula $\mu$ if \begin_inset Formula $w\succ_m\mu(m)$
11492	Theorem	Matching	Deferred acceptance	(Gale--Shapley theorem.) See LatexCommand citep key "galeshapley1962" literal "false" . For every finite marriage problem, deferred acceptance terminates and returns a stable matching. Among all stable matchings, the outcome is weakly best
11530	Theorem	Matching	Housing markets and top trading cycles	(Top-trading-cycles theorem.) See LatexCommand citep key "shapleyscarf1974" literal "false" . With strict preferences and one-house ownership, top trading cycles terminates, is Pareto efficient, and returns the unique allocation in the stro
11568	Exercise*	Matching	Problems	Problem 14.1 [Core]. Deferred acceptance by hand.
11615	Exercise*	Matching	Problems	Problem 14.2 [Proof]. Proposer optimality.
11644	Exercise*	Matching	Problems	Problem 14.3 [Core]. Top trading cycles.
11759	Definition	Computable General Equilibrium	A two-sector small open economy	(Cost and conditional factor demand.) Given output \begin_inset Formula $\bar Q_j$ and factor prices \begin_inset Formula $(r_j,W)$ , the unit-consistent cost function is c_j(r_j,W,\bar Q_j)=\min_{K_j,N_j\geq0}\{r_jK_j+WN_j:Q_j(K_j,N_j)\geq
11929	Exercise*	Computable General Equilibrium	Problems	Problem 15.1 [Core]. Calibrating a CES technology.
11991	Exercise*	Computable General Equilibrium	Problems	Problem 15.2 [Core]. Social-accounting consistency.
12020	Exercise*	Computable General Equilibrium	Problems	Problem 15.3 [Applied]. A tariff counterfactual.
12149	Definition	Order Theory	Binary Relations	A binary relation on $X$ is a subset $R\subseteq X\times X$ . We write $xRy$ in place of $(x,y)\in R$ . The inverse relation $R^{-1}$ is defined by $xR^{-1}y\iff yRx$ .
12310	Example	Order Theory	Binary Relations	The equality relation on $X$ is reflexive, symmetric, transitive, and antisymmetric, but it is incomplete whenever $X$ contains two distinct elements.
12326	Definition	Order Theory	Binary Relations	An equivalence relation is reflexive, symmetric, and transitive. A preorder is reflexive and transitive. A partial order is reflexive, transitive, and antisymmetric. A total preorder is a complete preorder. A linear order (or total order) i
12340	Example	Order Theory	Binary Relations	The usual relation $\geq$ is a linear order on $\mathbb{R}$ . The componentwise relation on $\mathbb{R}^{L}$ , defined by $xRy\iff x_{\ell}\geq y_{\ell}$ for every $\ell$ , is a partial order but is not complete when $L\geq2$ . For example,
12378	Example	Order Theory	Binary Relations	The lexicographic relation on $\mathbb{R}^{2}$ is defined by $xR_{\mathrm{lex}}y$ if $x_{1}>y_{1}$ or if $x_{1}=y_{1}$ and $x_{2}\geq y_{2}$ . It is a linear order. Although complete and transitive, it has no continuous real-valued represen
12412	Definition	Order Theory	Symmetric and Asymmetric Parts	The symmetric part $I_{R}$ and asymmetric part $P_{R}$ of a relation $R$ are defined by xI_{R}y\iff xRy\text{ and }yRx, \qquad xP_{R}y\iff xRy\text{ and }\neg(yRx).
12438	Proposition	Order Theory	Symmetric and Asymmetric Parts	If $R$ is a preorder, then $I_{R}$ is an equivalence relation and $P_{R}$ is asymmetric and transitive.
12454	Proof	Order Theory	Symmetric and Asymmetric Parts	Reflexivity and symmetry of $I_{R}$ follow immediately, and its transitivity follows from transitivity of $R$ . Asymmetry of $P_{R}$ is built into its definition. If $xP_{R}y$ and $yP_{R}z$ , then transitivity gives $xRz$ . If $zRx$ , then
12506	Definition	Order Theory	Equivalence Classes and Quotient Orders	Let $E$ be an equivalence relation. The equivalence class of $x$ is $[x]_{E}=\{y\in X:yEx\}$ . The quotient set is $X/E=\{[x]_{E}:x\in X\}$ .
12528	Example	Order Theory	Equivalence Classes and Quotient Orders	If $X=\{a,b,c\}$ and the only distinct equivalent elements are $a$ and $b$ , then $X/E=\{\{a,b\},\{c\}\}$ . For a preference preorder, the equivalence classes of $I_{R}$ are indifference classes.
12553	Proposition	Order Theory	Equivalence Classes and Quotient Orders	Let $R$ be a preorder and let $I_{R}$ be its symmetric part. On $X/I_{R}$ , define [x]_{I_{R}}\,\bar R\,[y]_{I_{R}}\iff xRy. Then $\bar R$ is well defined and is a partial order.
12582	Proof	Order Theory	Equivalence Classes and Quotient Orders	Suppose $xI_{R}x'$ , $yI_{R}y'$ , and $xRy$ . Then $x'Rx$ , $xRy$ , and $yRy'$ ; transitivity therefore gives $x'Ry'$ , which proves that the definition is independent of representatives. Reflexivity and transitivity are inherited from $R$
12646	Definition	Order Theory	Maximal and Greatest Elements	For a nonempty subset $S\subseteq X$ , the set of maximal elements is \operatorname{Max}(S,R)=\{x\in S:\nexists y\in S\text{ such that }yP_{R}x\}. The set of greatest elements is \operatorname{Great}(S,R)=\{x\in S:xRy\text{ for every }y\in
12694	Example	Order Theory	Maximal and Greatest Elements	Let $S=\{a,b,c\}$ and define $R=\Delta_S\cup\{(a,b)\}$ . Thus $aP_Rb$ and every other pair of distinct alternatives is incomparable. Then $a$ and $c$ are maximal, but there is no greatest element because $a$ and $c$ are incomparable.
12725	Proposition	Order Theory	Maximal and Greatest Elements	Every nonempty finite subset of a set equipped with a total preorder has at least one greatest element and therefore at least one maximal element.
12729	Proof	Order Theory	Maximal and Greatest Elements	Proceed by induction on the cardinality of $S$ . The claim is immediate for a singleton. Suppose $g$ is greatest in a finite set $S$ , and add $a\notin S$ . Completeness gives either $aRg$ or $gRa$ . In the first case, transitivity and $gRy
12795	Definition	Order Theory	Transitive Closure	Let $R^{1}=R$ , and recursively define $R^{n+1}=R^{n}\circ R$ . The transitive closure of $R$ is R^{+}=\bigcup_{n\geq1}R^{n}. The reflexive-transitive closure is $R^{*}=\Delta_{X}\cup R^{+}$ , where $\Delta_{X}=\{(x,x):x\in X\}$ .
12828	Proposition	Order Theory	Transitive Closure	The relation $R^{+}$ is the smallest transitive relation containing $R$ .
12840	Proof	Order Theory	Transitive Closure	Concatenating an $R$ -path of length $m$ with one of length $n$ yields a path of length $m+n$ , so $R^{+}$ is transitive. Any transitive relation containing $R$ must contain every $R^{n}$ and hence their union.
12877	Definition	Order Theory	Order Extensions	Let $R$ and $R'$ be preorders on $X$ . We call $R'$ an extension of $R$ if $R\subseteq R'$ and $P_{R}\subseteq P_{R'}$ . Thus every original weak and strict comparison is preserved.
12911	Theorem	Order Theory	Order Extensions	(Szpilrajn extension theorem) Every partial order on a set has a linear-order extension. See LatexCommand citep key "szpilrajn1930" literal "false" .
12923	Proof	Order Theory	Order Extensions	Proof sketch. The standard proof applies Zorn's lemma to the set of partial orders extending the given order, ordered by inclusion; this use of Zorn invokes the axiom of choice. The union of every chain is again a partial order, so a maxima
12947	Corollary	Order Theory	Order Extensions	Every preorder has a total-preorder extension.
12951	Proof	Order Theory	Order Extensions	Let $I_{R}$ be the symmetric part of the preorder $R$ . The induced relation $\bar R$ on $X/I_{R}$ is a partial order by the earlier proposition. Next, let $\bar R^{\mathrm{ext}}$ be a linear-order extension of $\bar R$ , and define on $X$
13060	Exercise*	Order Theory	Problems	Problem A.1 [Core]. Classifying relations.
13096	Exercise*	Order Theory	Problems	Problem A.2 [Proof]. Quotienting a preorder.
13155	Exercise*	Order Theory	Problems	Problem A.3 [Proof]. Maximal, greatest, and finite existence.
13199	Exercise*	Order Theory	Problems	Problem A.4 [Proof]. Order extensions and multiple representation.
